{
  "experiment": {
    "total_packets": 300,
    "halving_at": 150,
    "link_delay_ms": 10.0,
    "queue_capacity": 20,
    "rto_s": 0.2,
    "seed": 42
  },
  "results": [
    {
      "mode": "aimd",
      "total_packets": 300,
      "duration_s": 45.161330700386316,
      "throughput_mbps": 0.05441823706002926,
      "avg_rtt_ms": 86.08811591044967,
      "retransmissions": 40,
      "timeouts": 24,
      "fast_retransmissions": 16,
      "bandwidth_halving_time_s": 1.9994565001688898,
      "recovery_time_s": 0.11356989992782474,
      "avg_cwnd_before_halving": 8.513967838419244,
      "avg_cwnd_after_halving": 3.3560311236517766,
      "avg_rtt_after_halving_ms": 106.92688822746277,
      "throughput_after_halving_mbps": 0.028469570026081255,
      "retransmissions_after_halving": 32,
      "timeouts_after_halving": 22
    },
    {
      "mode": "qlearning",
      "total_packets": 300,
      "duration_s": 5.1864807000383735,
      "throughput_mbps": 0.47384732386680173,
      "avg_rtt_ms": 49.07850980758667,
      "retransmissions": 12,
      "timeouts": 4,
      "fast_retransmissions": 8,
      "bandwidth_halving_time_s": 1.9707003999501467,
      "recovery_time_s": 0.10510399984195828,
      "avg_cwnd_before_halving": 3.7815126050420167,
      "avg_cwnd_after_halving": 3.2096069868995634,
      "avg_rtt_after_halving_ms": 67.35495863289668,
      "throughput_after_halving_mbps": 0.38211565633581596,
      "retransmissions_after_halving": 9,
      "timeouts_after_halving": 3
    }
  ]
}