{
  "experiment": {
    "total_packets": 300,
    "halving_at": 150,
    "link_delay_ms": 10.0,
    "queue_capacity": 20,
    "rto_s": 0.2,
    "seed": 42
  },
  "results": [
    {
      "mode": "aimd",
      "total_packets": 300,
      "duration_s": 12.791814082999998,
      "throughput_mbps": 0.1921228673317015,
      "avg_rtt_ms": 124.24468914667764,
      "retransmissions": 78,
      "timeouts": 47,
      "fast_retransmissions": 31,
      "bandwidth_halving_time_s": 6.5156360410000005,
      "recovery_time_s": 0.6299809999999999,
      "avg_cwnd_before_halving": 8.368802155089906,
      "avg_cwnd_after_halving": 4.970547796550256,
      "avg_rtt_after_halving_ms": 152.05954468768576,
      "throughput_after_halving_mbps": 0.19578794479329722,
      "retransmissions_after_halving": 55,
      "timeouts_after_halving": 34
    },
    {
      "mode": "qlearning",
      "total_packets": 300,
      "duration_s": 8.255634916999998,
      "throughput_mbps": 0.29768758244618004,
      "avg_rtt_ms": 74.56930001576742,
      "retransmissions": 47,
      "timeouts": 26,
      "fast_retransmissions": 21,
      "bandwidth_halving_time_s": 2.5186305420000004,
      "recovery_time_s": 0.3014184579999988,
      "avg_cwnd_before_halving": 5.352941176470588,
      "avg_cwnd_after_halving": 3.629343629343629,
      "avg_rtt_after_halving_ms": 110.67725264507791,
      "throughput_after_halving_mbps": 0.21418843697500237,
      "retransmissions_after_halving": 44,
      "timeouts_after_halving": 24
    }
  ]
}