{
  "experiment": {
    "total_packets": 300,
    "halving_at": 150,
    "link_delay_ms": 10.0,
    "queue_capacity": 20,
    "rto_s": 0.2,
    "seed": 42
  },
  "results": [
    {
      "mode": "aimd",
      "total_packets": 300,
      "duration_s": 45.107036833,
      "throughput_mbps": 0.054483738515096525,
      "avg_rtt_ms": 99.95004067938011,
      "retransmissions": 45,
      "timeouts": 29,
      "fast_retransmissions": 16,
      "bandwidth_halving_time_s": 2.644321083,
      "recovery_time_s": 0.13421787500000004,
      "avg_cwnd_before_halving": 8.795476783642393,
      "avg_cwnd_after_halving": 3.4965848806366044,
      "avg_rtt_after_halving_ms": 108.75372271664642,
      "throughput_after_halving_mbps": 0.02893832809080281,
      "retransmissions_after_halving": 36,
      "timeouts_after_halving": 26
    },
    {
      "mode": "qlearning",
      "total_packets": 300,
      "duration_s": 16.703634791999995,
      "throughput_mbps": 0.1471296535516352,
      "avg_rtt_ms": 128.20512851079306,
      "retransmissions": 64,
      "timeouts": 38,
      "fast_retransmissions": 26,
      "bandwidth_halving_time_s": 5.478936249999997,
      "recovery_time_s": 0.19851075000000407,
      "avg_cwnd_before_halving": 6.258196721311475,
      "avg_cwnd_after_halving": 4.54421768707483,
      "avg_rtt_after_halving_ms": 161.99038861206054,
      "throughput_after_halving_mbps": 0.10947287318248587,
      "retransmissions_after_halving": 58,
      "timeouts_after_halving": 36
    }
  ]
}