{
  "experiment": {
    "total_packets": 300,
    "halving_at": 150,
    "link_delay_ms": 10.0,
    "queue_capacity": 20,
    "rto_s": 0.2,
    "seed": 42
  },
  "results": [
    {
      "mode": "aimd",
      "total_packets": 300,
      "duration_s": 45.05487700039521,
      "throughput_mbps": 0.054546814099136094,
      "avg_rtt_ms": 92.91248103134504,
      "retransmissions": 68,
      "timeouts": 41,
      "fast_retransmissions": 27,
      "bandwidth_halving_time_s": 2.139460700098425,
      "recovery_time_s": 2.369756900239736,
      "avg_cwnd_before_halving": 8.476500250471432,
      "avg_cwnd_after_halving": 5.352789288583669,
      "avg_rtt_after_halving_ms": 104.03434161482186,
      "throughput_after_halving_mbps": 0.02863306722697461,
      "retransmissions_after_halving": 45,
      "timeouts_after_halving": 29
    },
    {
      "mode": "qlearning",
      "total_packets": 300,
      "duration_s": 4.9604090000502765,
      "throughput_mbps": 0.4954430168913673,
      "avg_rtt_ms": 47.6308790842692,
      "retransmissions": 11,
      "timeouts": 3,
      "fast_retransmissions": 8,
      "bandwidth_halving_time_s": 1.9862967003136873,
      "recovery_time_s": 0.1974920998327434,
      "avg_cwnd_before_halving": 3.6271186440677967,
      "avg_cwnd_after_halving": 2.990950226244344,
      "avg_rtt_after_halving_ms": 56.696925844464985,
      "throughput_after_halving_mbps": 0.4131652998136056,
      "retransmissions_after_halving": 8,
      "timeouts_after_halving": 1
    }
  ]
}