{
  "experiment": {
    "total_packets": 300,
    "halving_at": 150,
    "link_delay_ms": 10.0,
    "queue_capacity": 20,
    "rto_s": 0.2,
    "seed": 42
  },
  "results": [
    {
      "mode": "aimd",
      "total_packets": 300,
      "duration_s": 10.122203833,
      "throughput_mbps": 0.24279297676142733,
      "avg_rtt_ms": 111.93073749542236,
      "retransmissions": 73,
      "timeouts": 43,
      "fast_retransmissions": 30,
      "bandwidth_halving_time_s": 3.195211708,
      "recovery_time_s": 1.6883556250000002,
      "avg_cwnd_before_halving": 7.515983563546037,
      "avg_cwnd_after_halving": 4.803508847235042,
      "avg_rtt_after_halving_ms": 164.55488619597062,
      "throughput_after_halving_mbps": 0.17739301241085212,
      "retransmissions_after_halving": 55,
      "timeouts_after_halving": 35
    },
    {
      "mode": "qlearning",
      "total_packets": 300,
      "duration_s": 14.589591708,
      "throughput_mbps": 0.1684488537573268,
      "avg_rtt_ms": 113.11903238296509,
      "retransmissions": 36,
      "timeouts": 22,
      "fast_retransmissions": 14,
      "bandwidth_halving_time_s": 3.567865082999999,
      "recovery_time_s": 1.377628917000001,
      "avg_cwnd_before_halving": 5.183266932270916,
      "avg_cwnd_after_halving": 4.4689922480620154,
      "avg_rtt_after_halving_ms": 197.32068932574728,
      "throughput_after_halving_mbps": 0.11148888389345256,
      "retransmissions_after_halving": 30,
      "timeouts_after_halving": 20
    }
  ]
}