{
  "experiment": {
    "total_packets": 300,
    "halving_at": 150,
    "link_delay_ms": 10.0,
    "queue_capacity": 20,
    "rto_s": 0.2,
    "seed": 42
  },
  "results": [
    {
      "mode": "aimd",
      "total_packets": 300,
      "duration_s": 45.146106583000005,
      "throughput_mbps": 0.05443658791443649,
      "avg_rtt_ms": 116.84063977973405,
      "retransmissions": 73,
      "timeouts": 46,
      "fast_retransmissions": 27,
      "bandwidth_halving_time_s": 2.479407208,
      "recovery_time_s": 3.2927548329999996,
      "avg_cwnd_before_halving": 8.348133141975184,
      "avg_cwnd_after_halving": 5.397476098296435,
      "avg_rtt_after_halving_ms": 131.52967861720495,
      "throughput_after_halving_mbps": 0.028799977921891918,
      "retransmissions_after_halving": 50,
      "timeouts_after_halving": 32
    },
    {
      "mode": "qlearning",
      "total_packets": 300,
      "duration_s": 16.016040500000003,
      "throughput_mbps": 0.15344616542396977,
      "avg_rtt_ms": 124.34793313344319,
      "retransmissions": 67,
      "timeouts": 41,
      "fast_retransmissions": 26,
      "bandwidth_halving_time_s": 3.0342330829999966,
      "recovery_time_s": 0.27799720800000216,
      "avg_cwnd_before_halving": 6.433070866141732,
      "avg_cwnd_after_halving": 4.073943661971831,
      "avg_rtt_after_halving_ms": 187.01195267011533,
      "throughput_after_halving_mbps": 0.09465554067539587,
      "retransmissions_after_halving": 58,
      "timeouts_after_halving": 37
    }
  ]
}