{
  "experiment": {
    "total_packets": 300,
    "halving_at": 150,
    "link_delay_ms": 10.0,
    "queue_capacity": 20,
    "rto_s": 0.2,
    "seed": 42
  },
  "results": [
    {
      "mode": "aimd",
      "total_packets": 300,
      "duration_s": 7.671615875,
      "throughput_mbps": 0.3203497203253806,
      "avg_rtt_ms": 96.78195635477701,
      "retransmissions": 91,
      "timeouts": 56,
      "fast_retransmissions": 35,
      "bandwidth_halving_time_s": 2.531743708,
      "recovery_time_s": 3.7205285839999997,
      "avg_cwnd_before_halving": 7.541827499681744,
      "avg_cwnd_after_halving": 4.678532519806258,
      "avg_rtt_after_halving_ms": 107.82149314880371,
      "throughput_after_halving_mbps": 0.23907209363870544,
      "retransmissions_after_halving": 72,
      "timeouts_after_halving": 46
    },
    {
      "mode": "qlearning",
      "total_packets": 300,
      "duration_s": 11.133219666,
      "throughput_mbps": 0.22074476869483872,
      "avg_rtt_ms": 104.95306253433228,
      "retransmissions": 21,
      "timeouts": 12,
      "fast_retransmissions": 9,
      "bandwidth_halving_time_s": 4.601545416,
      "recovery_time_s": 1.976636041999999,
      "avg_cwnd_before_halving": 5.234848484848484,
      "avg_cwnd_after_halving": 4.75095785440613,
      "avg_rtt_after_halving_ms": 150.3270149230957,
      "throughput_after_halving_mbps": 0.1881294064841032,
      "retransmissions_after_halving": 15,
      "timeouts_after_halving": 10
    }
  ]
}