{
  "metadata": {
    "actions": {
      "0": "hold",
      "1": "cwnd+1",
      "2": "cwnd/2"
    },
    "state_count": 6,
    "state_features": [
      "rtt_trend",
      "loss_flag"
    ]
  },
  "rtt_down|loss": {
    "0": 5.622117263079503,
    "1": -1.029393196495695,
    "2": -3.852313752726322
  },
  "rtt_down|no_loss": {
    "0": 7.526291770804139,
    "1": 2.0529827019752407,
    "2": 9.534553963105957
  },
  "rtt_stable|loss": {
    "0": 8.1774385228427,
    "1": -37.19433580984153,
    "2": -36.8993748361253
  },
  "rtt_stable|no_loss": {
    "0": -0.21390612147975574,
    "1": 6.956583690911441,
    "2": 0.6731437287276058
  },
  "rtt_up|loss": {
    "0": 6.032762545768799,
    "1": -12.848124942884393,
    "2": -4.788830878947008
  },
  "rtt_up|no_loss": {
    "0": 8.503533634524706,
    "1": 3.0322983409503803,
    "2": 10.17519781588259
  }
}