{
  "metadata": {
    "actions": {
      "0": "hold",
      "1": "cwnd+1",
      "2": "cwnd/2"
    },
    "state_count": 6,
    "state_features": [
      "rtt_trend",
      "loss_flag"
    ]
  },
  "rtt_down|loss": {
    "0": 11.504328480034598,
    "1": 1.178999650965443,
    "2": -4.078411
  },
  "rtt_down|no_loss": {
    "0": 2.401259311731688,
    "1": 10.787817047815544,
    "2": 0.50544235245
  },
  "rtt_stable|loss": {
    "0": 0.0,
    "1": 0.3715407517264975,
    "2": 4.39377472654626
  },
  "rtt_stable|no_loss": {
    "0": 10.826144617444786,
    "1": -4.773094256085866,
    "2": -3.115329621908864
  },
  "rtt_up|loss": {
    "0": 10.644711401107331,
    "1": 0.19202999999999992,
    "2": -0.29865433101097105
  },
  "rtt_up|no_loss": {
    "0": 8.987252064772717,
    "1": 0.2,
    "2": 3.414997931931368
  }
}