{
  "metadata": {
    "actions": {
      "0": "hold",
      "1": "cwnd+1",
      "2": "cwnd/2"
    },
    "rtt_trend_threshold_ratio": 0.12,
    "state_count": 6,
    "state_features": [
      "rtt_trend",
      "loss_flag"
    ]
  },
  "rtt_down|loss": {
    "0": 12.024278290121863,
    "1": -14.03114949660515,
    "2": -6.87089848932084
  },
  "rtt_down|no_loss": {
    "0": 29.625668853056418,
    "1": 26.106691605390637,
    "2": 36.604224227980374
  },
  "rtt_stable|loss": {
    "0": -3.868045800907705,
    "1": -10.250507504362792,
    "2": 13.248834480816406
  },
  "rtt_stable|no_loss": {
    "0": 27.10212665984212,
    "1": 25.96609773067324,
    "2": 30.287971087307564
  },
  "rtt_up|loss": {
    "0": 25.547444160215846,
    "1": 16.330313693359628,
    "2": 9.48870801894883
  },
  "rtt_up|no_loss": {
    "0": 23.267828988790303,
    "1": 33.606175165264474,
    "2": 27.52402469317507
  }
}