{
  "metadata": {
    "actions": {
      "0": "hold",
      "1": "cwnd+1",
      "2": "cwnd/2"
    },
    "state_count": 6,
    "state_features": [
      "rtt_trend",
      "loss_flag"
    ]
  },
  "rtt_down|loss": {
    "0": 0.6830367926725872,
    "1": -1.029393196495695,
    "2": -3.852313752726322
  },
  "rtt_down|no_loss": {
    "0": 10.06479169097441,
    "1": 2.0529827019752407,
    "2": 9.328334685174859
  },
  "rtt_stable|loss": {
    "0": -31.355207857877684,
    "1": -37.19433580984153,
    "2": -36.8993748361253
  },
  "rtt_stable|no_loss": {
    "0": 0.7458677850663216,
    "1": 9.086464636321484,
    "2": 0.6731437287276058
  },
  "rtt_up|loss": {
    "0": 0.8775704876945727,
    "1": -12.848124942884393,
    "2": -4.788830878947008
  },
  "rtt_up|no_loss": {
    "0": 5.616450945852728,
    "1": 3.0322983409503803,
    "2": 10.051531652033441
  }
}