{
  "metadata": {
    "actions": {
      "0": "hold",
      "1": "cwnd+1",
      "2": "cwnd/2"
    },
    "rtt_trend_threshold_ratio": 0.12,
    "state_count": 6,
    "state_features": [
      "rtt_trend",
      "loss_flag"
    ]
  },
  "rtt_down|loss": {
    "0": 0.19744281954114856,
    "1": -0.5419740146054394,
    "2": 9.548371059489835
  },
  "rtt_down|no_loss": {
    "0": 2.52139335407809,
    "1": 29.800889410828237,
    "2": 0.30096258979656587
  },
  "rtt_stable|loss": {
    "0": 0.6651587542715376,
    "1": -0.2916208938103871,
    "2": 10.864631606121314
  },
  "rtt_stable|no_loss": {
    "0": 2.5972873145456967,
    "1": 33.13438642689994,
    "2": 2.3667175362398507
  },
  "rtt_up|loss": {
    "0": 0.35473259259393786,
    "1": -0.36913894752454746,
    "2": 20.356007723024565
  },
  "rtt_up|no_loss": {
    "0": 35.86407692653633,
    "1": 3.7994281559628864,
    "2": 4.466932481504687
  }
}