{
  "metadata": {
    "actions": {
      "0": "hold",
      "1": "cwnd+1",
      "2": "cwnd/2"
    },
    "state_count": 6,
    "state_features": [
      "rtt_trend",
      "loss_flag"
    ]
  },
  "rtt_down|loss": {
    "0": -20.760860887858907,
    "1": -24.36865908628751,
    "2": -13.49418027387982
  },
  "rtt_down|no_loss": {
    "0": 2.2931655996128755,
    "1": 4.186396301348172,
    "2": 2.8097492548091387
  },
  "rtt_stable|loss": {
    "0": -21.836215125168874,
    "1": -27.1223481262624,
    "2": -11.350560375995052
  },
  "rtt_stable|no_loss": {
    "0": 0.708840038784461,
    "1": -3.1620935550796894,
    "2": -4.824374275334682
  },
  "rtt_up|loss": {
    "0": -16.810067267778052,
    "1": -19.595752220647558,
    "2": -5.0304262577606975
  },
  "rtt_up|no_loss": {
    "0": -10.294521349618517,
    "1": -13.049983084550078,
    "2": -13.37627325419193
  }
}