{
  "metadata": {
    "actions": {
      "0": "hold",
      "1": "cwnd+1",
      "2": "cwnd/2"
    },
    "rtt_trend_threshold_ratio": 0.12,
    "state_count": 6,
    "state_features": [
      "rtt_trend",
      "loss_flag"
    ]
  },
  "rtt_down|loss": {
    "0": 6.654264649455772,
    "1": -23.409570558418004,
    "2": -20.904921552402847
  },
  "rtt_down|no_loss": {
    "0": 36.380192608621,
    "1": 22.59600844782586,
    "2": 19.92669122106475
  },
  "rtt_stable|loss": {
    "0": -45.475092245546364,
    "1": -29.894296082195826,
    "2": 37.33995735578969
  },
  "rtt_stable|no_loss": {
    "0": 40.74864722429565,
    "1": 25.465181070843535,
    "2": 35.68136695987692
  },
  "rtt_up|loss": {
    "0": -14.34025733802041,
    "1": 11.95099022285445,
    "2": -12.00335234540291
  },
  "rtt_up|no_loss": {
    "0": 21.81567173018676,
    "1": 20.92184419650353,
    "2": 31.89048825994998
  }
}