{
  "metadata": {
    "actions": {
      "0": "hold",
      "1": "cwnd+1",
      "2": "cwnd/2"
    },
    "state_count": 6,
    "state_features": [
      "rtt_trend",
      "loss_flag"
    ]
  },
  "rtt_down|loss": {
    "0": 8.24654685422844,
    "1": 6.947430977014682,
    "2": 12.987439058309596
  },
  "rtt_down|no_loss": {
    "0": 9.112278662089214,
    "1": 9.877847983417755,
    "2": 3.5666562795579275
  },
  "rtt_stable|loss": {
    "0": 10.973365616083242,
    "1": 5.182988184576149,
    "2": 8.632178031289442
  },
  "rtt_stable|no_loss": {
    "0": 5.11998780581401,
    "1": 13.189554051870461,
    "2": -1.3333333333333333
  },
  "rtt_up|loss": {
    "0": 9.077472399197388,
    "1": 7.509991563428877,
    "2": 16.97813537379913
  },
  "rtt_up|no_loss": {
    "0": 10.249444849469395,
    "1": 12.085280576111892,
    "2": 10.286008139308862
  }
}