{
  "metadata": {
    "actions": {
      "0": "hold",
      "1": "cwnd+1",
      "2": "cwnd/2"
    },
    "state_count": 6,
    "state_features": [
      "rtt_trend",
      "loss_flag"
    ]
  },
  "rtt_down|loss": {
    "0": -28.83474759307144,
    "1": -29.57894103778719,
    "2": 10.299516692445076
  },
  "rtt_down|no_loss": {
    "0": -8.046880289282456,
    "1": -1.9375538658647133,
    "2": 12.985953947012518
  },
  "rtt_stable|loss": {
    "0": -21.937223477977433,
    "1": -16.14225432028784,
    "2": 13.822341918604728
  },
  "rtt_stable|no_loss": {
    "0": -5.608678641785856,
    "1": 10.193068642559634,
    "2": -5.472419155291074
  },
  "rtt_up|loss": {
    "0": -23.022998659593988,
    "1": 14.010501551031709,
    "2": -13.422458493972863
  },
  "rtt_up|no_loss": {
    "0": -0.2210874131452627,
    "1": -8.292207833410403,
    "2": 8.363133656915306
  }
}