{
  "metadata": {
    "actions": {
      "0": "hold",
      "1": "cwnd+1",
      "2": "cwnd/2"
    },
    "state_count": 6,
    "state_features": [
      "rtt_trend",
      "loss_flag"
    ]
  },
  "rtt_down|loss": {
    "0": -11.438678973226903,
    "1": -0.65591370692618,
    "2": -6.695167080158621
  },
  "rtt_down|no_loss": {
    "0": 6.8569371801190915,
    "1": 3.877736772665657,
    "2": 5.5639977005030214
  },
  "rtt_stable|loss": {
    "0": 1.956653413284975,
    "1": -2.990049263826847,
    "2": -4.006871781942433
  },
  "rtt_stable|no_loss": {
    "0": -1.9454745861136686,
    "1": 0.5959324056915332,
    "2": 1.5278884816913645
  },
  "rtt_up|loss": {
    "0": -6.474652789184171,
    "1": -5.3492397076570075,
    "2": 4.2735565694360815
  },
  "rtt_up|no_loss": {
    "0": 3.992379916697358,
    "1": 4.194739908363348,
    "2": 7.097357499135468
  }
}