{
  "metadata": {
    "actions": {
      "0": "hold",
      "1": "cwnd+1",
      "2": "cwnd/2"
    },
    "state_count": 6,
    "state_features": [
      "rtt_trend",
      "loss_flag"
    ]
  },
  "rtt_down|loss": {
    "0": 0.7246326464420991,
    "1": -15.967384217779696,
    "2": -21.24482824430876
  },
  "rtt_down|no_loss": {
    "0": -1.2743837536192184,
    "1": -0.8749534363903209,
    "2": 5.366925830855088
  },
  "rtt_stable|loss": {
    "0": -15.97568819092076,
    "1": -29.80463568273376,
    "2": 0.5696381996899533
  },
  "rtt_stable|no_loss": {
    "0": -4.596689043889772,
    "1": 3.384321656339969,
    "2": -3.2156096283276536
  },
  "rtt_up|loss": {
    "0": -13.570105139191675,
    "1": -18.165029610667474,
    "2": 5.199160204507944
  },
  "rtt_up|no_loss": {
    "0": 4.718736808145499,
    "1": 1.541547429180521,
    "2": 5.4827612809949855
  }
}