{
  "metadata": {
    "actions": {
      "0": "hold",
      "1": "cwnd+1",
      "2": "cwnd/2"
    },
    "state_count": 6,
    "state_features": [
      "rtt_trend",
      "loss_flag"
    ]
  },
  "rtt_down|loss": {
    "0": -2.8963823979996683,
    "1": -24.17249067934479,
    "2": -21.74764645388345
  },
  "rtt_down|no_loss": {
    "0": 12.00080328487493,
    "1": 1.3466860555909466,
    "2": -0.8648202647484
  },
  "rtt_stable|loss": {
    "0": -25.55310038647581,
    "1": -24.990264983005797,
    "2": -2.5705852300614906
  },
  "rtt_stable|no_loss": {
    "0": -7.5526789397631315,
    "1": 7.322211830253105,
    "2": -3.699564776222987
  },
  "rtt_up|loss": {
    "0": 10.275399252877362,
    "1": -11.55144413043647,
    "2": -16.14215163708561
  },
  "rtt_up|no_loss": {
    "0": 9.388823603880338,
    "1": -0.38103906584300207,
    "2": 0.35442842286240495
  }
}