{
  "metadata": {
    "actions": {
      "0": "hold",
      "1": "cwnd+1",
      "2": "cwnd/2"
    },
    "state_count": 6,
    "state_features": [
      "rtt_trend",
      "loss_flag"
    ]
  },
  "rtt_down|loss": {
    "0": -8.388861541711101,
    "1": -7.850835612493422,
    "2": -0.5431182332985929
  },
  "rtt_down|no_loss": {
    "0": 5.7172518168279085,
    "1": 3.470837979201645,
    "2": 6.2858600812246666
  },
  "rtt_stable|loss": {
    "0": -3.47956610760996,
    "1": -7.4740535140966635,
    "2": -5.0938813431418515
  },
  "rtt_stable|no_loss": {
    "0": 0.1860707998291189,
    "1": -0.6863378529384583,
    "2": -0.9179929598711116
  },
  "rtt_up|loss": {
    "0": -4.192331151875969,
    "1": -4.1111192293707965,
    "2": -4.185729716003544
  },
  "rtt_up|no_loss": {
    "0": -4.849761272201652,
    "1": 0.9420510122616179,
    "2": -2.667734093379349
  }
}