{
  "metadata": {
    "actions": {
      "0": "hold",
      "1": "cwnd+1",
      "2": "cwnd/2"
    },
    "state_count": 6,
    "state_features": [
      "rtt_trend",
      "loss_flag"
    ]
  },
  "rtt_down|loss": {
    "0": -13.80324177164372,
    "1": -37.97861774187063,
    "2": -38.25104347265091
  },
  "rtt_down|no_loss": {
    "0": -3.489198512016933,
    "1": -9.046417918196706,
    "2": 11.161653863046894
  },
  "rtt_stable|loss": {
    "0": 5.191128142184007,
    "1": -49.91820054408035,
    "2": -38.32696122755404
  },
  "rtt_stable|no_loss": {
    "0": -10.519118680713825,
    "1": 10.057479708089708,
    "2": -10.45145173306733
  },
  "rtt_up|loss": {
    "0": -32.549135856919165,
    "1": -32.43347354053753,
    "2": 10.171005044465787
  },
  "rtt_up|no_loss": {
    "0": 10.441424501278863,
    "1": -10.819055383996728,
    "2": 2.823252587442621
  }
}