{
  "metadata": {
    "actions": {
      "0": "hold",
      "1": "cwnd+1",
      "2": "cwnd/2"
    },
    "state_count": 6,
    "state_features": [
      "rtt_trend",
      "loss_flag"
    ]
  },
  "rtt_down|loss": {
    "0": -59.3337488021505,
    "1": -50.679389832927065,
    "2": -53.58455038744661
  },
  "rtt_down|no_loss": {
    "0": -2.36358751638983,
    "1": 3.3571923922899103,
    "2": -0.22758034616182155
  },
  "rtt_stable|loss": {
    "0": -78.22228045764143,
    "1": -79.109204880271,
    "2": -43.82777447627474
  },
  "rtt_stable|no_loss": {
    "0": -9.343249620742023,
    "1": 0.02621230832104593,
    "2": -16.347593411522794
  },
  "rtt_up|loss": {
    "0": -3.26874095448666,
    "1": 1.701766174131799,
    "2": -9.49168724030881
  },
  "rtt_up|no_loss": {
    "0": -9.366698060033096,
    "1": 3.798876602817103,
    "2": -0.25470629391938937
  }
}