{
  "rtt_down|loss": {
    "0": 2.1966797070503232,
    "1": 0.0,
    "2": 0.0
  },
  "rtt_down|no_loss": {
    "0": 4.000193565702438,
    "1": 0.0,
    "2": 0.0
  },
  "rtt_stable|loss": {
    "0": 0.0,
    "1": 0.0,
    "2": 0.0
  },
  "rtt_stable|no_loss": {
    "0": 0.0,
    "1": 1.543252992630005,
    "2": 0.0
  },
  "rtt_up|loss": {
    "0": 0.0,
    "1": 0.0,
    "2": 0.0
  },
  "rtt_up|no_loss": {
    "0": -0.5948836326599121,
    "1": 0.0,
    "2": 0.0
  }
}