{
  "rtt_down|loss": {
    "0": -50.88800881653654,
    "1": -14.569707065690581,
    "2": -57.231873410032534
  },
  "rtt_down|no_loss": {
    "0": -0.5885897912626847,
    "1": -24.343628919848662,
    "2": -13.466044795048303
  },
  "rtt_stable|loss": {
    "0": -40.03768836569335,
    "1": -46.23537979334179,
    "2": -29.74629374447087
  },
  "rtt_stable|no_loss": {
    "0": -37.19505487692691,
    "1": -2.274294282906205,
    "2": -28.708456602478744
  },
  "rtt_up|loss": {
    "0": -11.7285891169225,
    "1": -30.711887640580205,
    "2": -29.97175008304394
  },
  "rtt_up|no_loss": {
    "0": -4.875042266461614,
    "1": -29.189811600430712,
    "2": -15.186694566249313
  }
}