{
  "rtt_down|loss": {
    "0": 135.0433726083476,
    "1": 50.8386673559277,
    "2": 133.48550713222062
  },
  "rtt_down|no_loss": {
    "0": 129.72801766579894,
    "1": 133.81323317318976,
    "2": 47.20680942954922
  },
  "rtt_stable|loss": {
    "0": 61.488625005062985,
    "1": 133.64567414402663,
    "2": 0.0
  },
  "rtt_stable|no_loss": {
    "0": 125.01591826973375,
    "1": 0.0,
    "2": 80.89548851925495
  },
  "rtt_up|loss": {
    "0": 119.62707145760776,
    "1": 77.63182296372415,
    "2": 164.11457660490078
  },
  "rtt_up|no_loss": {
    "0": 116.37768368533048,
    "1": 115.59396794020694,
    "2": 47.25302113697772
  }
}