{
  "rtt_down|loss": {
    "0": 137.02349071037222,
    "1": 50.8386673559277,
    "2": 149.95833711395593
  },
  "rtt_down|no_loss": {
    "0": 153.28129751328598,
    "1": 131.93419989297317,
    "2": 47.20680942954922
  },
  "rtt_stable|loss": {
    "0": 61.488625005062985,
    "1": 167.34992267723808,
    "2": 0.0
  },
  "rtt_stable|no_loss": {
    "0": 162.98925231413196,
    "1": 0.0,
    "2": 64.14551088421032
  },
  "rtt_up|loss": {
    "0": 119.62707145760776,
    "1": 64.94140786888936,
    "2": 164.11457660490078
  },
  "rtt_up|no_loss": {
    "0": 116.7930930951537,
    "1": 172.0320044281869,
    "2": 47.25302113697772
  }
}