{
  "rtt_down|loss": {
    "0": -1.2730246428751946,
    "1": 34.86561127009928,
    "2": 18.228745977183436
  },
  "rtt_down|no_loss": {
    "0": 34.38455293294677,
    "1": 34.94395722623481,
    "2": 34.70339340372399
  },
  "rtt_stable|loss": {
    "0": -3.330427760236696,
    "1": -1.9363867877483365,
    "2": 0.0031650862130251367
  },
  "rtt_stable|no_loss": {
    "0": 32.50457699393163,
    "1": 35.3075465779969,
    "2": 33.998874741028764
  },
  "rtt_up|loss": {
    "0": -3.273053491473198,
    "1": -0.2786777215003966,
    "2": -0.2463853591255708
  },
  "rtt_up|no_loss": {
    "0": 28.3847254295431,
    "1": 33.03546878873797,
    "2": 34.357325970557845
  }
}