{
  "q_table": [
    [
      26.1442649836249,
      0.0,
      2.1705028123855588
    ],
    [
      0.0,
      0.0,
      0.0
    ],
    [
      27.084011390026685,
      0.0,
      0.0
    ],
    [
      0.0,
      0.0,
      0.0
    ],
    [
      26.68062069909334,
      20.400264185363536,
      21.786302535971306
    ],
    [
      0.0,
      0.0,
      0.0
    ]
  ],
  "epsilon": 0.1
}