{
  "metadata": {
    "actions": {
      "0": "hold",
      "1": "cwnd+1",
      "2": "cwnd/2"
    },
    "state_count": 18,
    "state_features": [
      "rtt_trend",
      "loss_flag",
      "cwnd_bucket"
    ]
  },
  "rtt_down|loss|cwnd_high": {
    "0": -0.2,
    "1": -2.0,
    "2": 2.0
  },
  "rtt_down|loss|cwnd_low": {
    "0": 25.13964056268532,
    "1": 24.842292931044046,
    "2": 27.40017861507388
  },
  "rtt_down|loss|cwnd_mid": {
    "0": -0.2,
    "1": -2.0,
    "2": 9.562138559854905
  },
  "rtt_down|no_loss|cwnd_high": {
    "0": 0.5,
    "1": 0.8,
    "2": -0.5
  },
  "rtt_down|no_loss|cwnd_low": {
    "0": 26.63683598626764,
    "1": 27.233543950253264,
    "2": -3.0
  },
  "rtt_down|no_loss|cwnd_mid": {
    "0": 0.2,
    "1": 1.6,
    "2": 14.199968838673783
  },
  "rtt_stable|loss|cwnd_high": {
    "0": -0.2,
    "1": -2.0,
    "2": 2.0
  },
  "rtt_stable|loss|cwnd_low": {
    "0": 29.697014423143653,
    "1": 16.05206188679732,
    "2": 7.353920548511802
  },
  "rtt_stable|loss|cwnd_mid": {
    "0": 3.4230824251060805,
    "1": 1.4969026669311258,
    "2": 16.542613545356524
  },
  "rtt_stable|no_loss|cwnd_high": {
    "0": 1.0,
    "1": 0.0,
    "2": -0.2
  },
  "rtt_stable|no_loss|cwnd_low": {
    "0": 14.159963417442032,
    "1": 15.741211689031537,
    "2": -3.0
  },
  "rtt_stable|no_loss|cwnd_mid": {
    "0": 0.2,
    "1": 23.827450466579847,
    "2": -0.8
  },
  "rtt_up|loss|cwnd_high": {
    "0": -0.2,
    "1": -2.0,
    "2": 2.0
  },
  "rtt_up|loss|cwnd_low": {
    "0": 26.111947245326746,
    "1": 22.72433384014496,
    "2": 27.477742938575787
  },
  "rtt_up|loss|cwnd_mid": {
    "0": 1.3204699522654213,
    "1": 1.8056408501416716,
    "2": 21.456663182821607
  },
  "rtt_up|no_loss|cwnd_high": {
    "0": 0.8,
    "1": -0.5,
    "2": 1.0
  },
  "rtt_up|no_loss|cwnd_low": {
    "0": 29.836146750602783,
    "1": 28.95532741897836,
    "2": -3.0
  },
  "rtt_up|no_loss|cwnd_mid": {
    "0": 0.11218779780539978,
    "1": 7.8005143093573155,
    "2": 32.858024417926586
  }
}