{
  "metadata": {
    "actions": {
      "0": "hold",
      "1": "cwnd+1",
      "2": "cwnd/2"
    },
    "state_count": 6,
    "state_features": [
      "rtt_trend",
      "loss_flag"
    ]
  },
  "rtt_down|loss": {
    "0": 0.0760052241417224,
    "1": -0.5804870680178786,
    "2": -0.16125000000000012
  },
  "rtt_down|no_loss": {
    "0": 4.824745211995275,
    "1": 0.9163985083450725,
    "2": 0.715213365526864
  },
  "rtt_stable|loss": {
    "0": 0.21768734510421758,
    "1": -0.016028350116143453,
    "2": 4.582297015473421
  },
  "rtt_stable|no_loss": {
    "0": -0.6869085176752137,
    "1": 2.8832800606180524,
    "2": 0.4425320246649269
  },
  "rtt_up|loss": {
    "0": 0.0,
    "1": -1.0,
    "2": 2.5579432873277583
  },
  "rtt_up|no_loss": {
    "0": 2.9283994626598004,
    "1": 1.2931977272738253,
    "2": 1.5282839082613657
  }
}