{
  "metadata": {
    "actions": {
      "0": "hold",
      "1": "cwnd+1",
      "2": "cwnd/2"
    },
    "state_count": 6,
    "state_features": [
      "rtt_trend",
      "loss_flag"
    ]
  },
  "rtt_down|loss": {
    "0": 0.0,
    "1": -1.0,
    "2": 2.6651260426325436
  },
  "rtt_down|no_loss": {
    "0": 4.006846976942939,
    "1": 8.905003527813514,
    "2": 1.8649955804593024
  },
  "rtt_stable|loss": {
    "0": 0.3846085549555982,
    "1": -0.5643586528730385,
    "2": 6.2006239786123585
  },
  "rtt_stable|no_loss": {
    "0": 0.48205048029031516,
    "1": 5.596323150728022,
    "2": 1.58781831615544
  },
  "rtt_up|loss": {
    "0": 0.891069562584405,
    "1": 1.2980621761121531,
    "2": 4.606387874911144
  },
  "rtt_up|no_loss": {
    "0": 7.818326840938525,
    "1": 2.9847541472045043,
    "2": 10.27936890684688
  }
}