{
  "metadata": {
    "actions": {
      "0": "hold",
      "1": "cwnd+1",
      "2": "cwnd/2"
    },
    "state_count": 6,
    "state_features": [
      "rtt_trend",
      "loss_flag"
    ]
  },
  "rtt_down|loss": {
    "0": 3.4476806745950825,
    "1": 1.1105721089251646,
    "2": 0.5852676441878533
  },
  "rtt_down|no_loss": {
    "0": 13.1676503737563,
    "1": 16.073909480369313,
    "2": 13.18531086572211
  },
  "rtt_stable|loss": {
    "0": 7.031301689959014,
    "1": 4.7231298920799905,
    "2": 12.20923576807437
  },
  "rtt_stable|no_loss": {
    "0": 5.930053214610491,
    "1": 15.096460471336945,
    "2": 5.213790940440134
  },
  "rtt_up|loss": {
    "0": 3.8949891298441304,
    "1": 1.8357615803049836,
    "2": 14.1670836335444
  },
  "rtt_up|no_loss": {
    "0": 14.932779644172138,
    "1": 11.311391893975689,
    "2": 16.958960318370053
  }
}