{
  "metadata": {
    "actions": {
      "0": "hold",
      "1": "cwnd+1",
      "2": "cwnd/2"
    },
    "state_count": 6,
    "state_features": [
      "rtt_trend",
      "loss_flag"
    ]
  },
  "rtt_down|loss": {
    "0": 0.0,
    "1": -1.0,
    "2": 3.023889256865069
  },
  "rtt_down|no_loss": {
    "0": 1.4649040714287214,
    "1": 7.743798201430723,
    "2": 0.0011698786651637705
  },
  "rtt_stable|loss": {
    "0": 0.1404117292917698,
    "1": -0.9100350168860262,
    "2": 2.084549027335523
  },
  "rtt_stable|no_loss": {
    "0": 0.9771692172147018,
    "1": 6.880867216361989,
    "2": 0.7731569547374642
  },
  "rtt_up|loss": {
    "0": 0.0,
    "1": -0.7294061456102073,
    "2": 3.8093182656046545
  },
  "rtt_up|no_loss": {
    "0": 10.955467855084377,
    "1": 2.9011600646003695,
    "2": 1.1094350658616634
  }
}