{
  "metadata": {
    "actions": {
      "0": "hold",
      "1": "cwnd+1",
      "2": "cwnd/2"
    },
    "state_count": 6,
    "state_features": [
      "rtt_trend",
      "loss_flag"
    ]
  },
  "rtt_down|loss": {
    "0": 0.8433025767066952,
    "1": -0.7877931576457169,
    "2": 4.074669216048641
  },
  "rtt_down|no_loss": {
    "0": 5.674575443650856,
    "1": 8.701639376944089,
    "2": 4.5591728022510205
  },
  "rtt_stable|loss": {
    "0": 5.602985577505101,
    "1": -2.1704551890015185,
    "2": -8.501122650296665
  },
  "rtt_stable|no_loss": {
    "0": 3.092566683911425,
    "1": 5.445876783079483,
    "2": 0.2008699833158275
  },
  "rtt_up|loss": {
    "0": 1.2148842501329098,
    "1": -1.0,
    "2": 5.9033175198028705
  },
  "rtt_up|no_loss": {
    "0": 8.418183796481433,
    "1": 5.836842982584762,
    "2": 10.632338643416928
  }
}