{
  "metadata": {
    "actions": {
      "0": "hold",
      "1": "cwnd+1",
      "2": "cwnd/2"
    },
    "state_count": 6,
    "state_features": [
      "rtt_trend",
      "loss_flag"
    ]
  },
  "rtt_down|loss": {
    "0": 5.042246161891793,
    "1": 1.1105721089251646,
    "2": 0.9088266706168142
  },
  "rtt_down|no_loss": {
    "0": 12.778550330243187,
    "1": 13.308115952621488,
    "2": 14.003269733097095
  },
  "rtt_stable|loss": {
    "0": 7.491769017907545,
    "1": 5.03187200529007,
    "2": 14.99172085229613
  },
  "rtt_stable|no_loss": {
    "0": 7.695182608437948,
    "1": 13.197647032056507,
    "2": 6.852097239342799
  },
  "rtt_up|loss": {
    "0": 3.8949891298441304,
    "1": 2.348603037369533,
    "2": 14.370515095995758
  },
  "rtt_up|no_loss": {
    "0": 15.394987777384193,
    "1": 11.823145915908201,
    "2": 15.340841941202918
  }
}