{
  "epsilon": 0.29624,
  "q_table": [
    [
      0.0,
      0.0,
      0.0
    ],
    [
      0.0,
      0.0,
      0.0
    ],
    [
      0.0,
      3.4589073225565032,
      0.0
    ],
    [
      0.0,
      0.0,
      0.0
    ],
    [
      5.769622404118481,
      0.0,
      0.0
    ],
    [
      0.0,
      0.0,
      0.0
    ]
  ]
}