{
  "aimd": {
    "algorithm": "aimd",
    "duration_s": 0.59287425,
    "throughput_mbps": 0.552697304698256,
    "avg_rtt_ms": 64.0795372455982,
    "retransmissions": 0,
    "timeouts": 0,
    "link_drops": 0,
    "srtt_ms": 64.0795372455982,
    "acked_packets": 40
  },
  "q_learning": {
    "algorithm": "q_learning",
    "duration_s": 0.5934709590000002,
    "throughput_mbps": 0.5521415918179745,
    "avg_rtt_ms": 13.329736072916697,
    "retransmissions": 0,
    "timeouts": 0,
    "link_drops": 0,
    "srtt_ms": 20.48057901021373,
    "acked_packets": 40
  },
  "results_dir": "/Users/lawrenclia/Documents/files/\u8ba1\u7b97\u673a\u7f51\u7edc/project/smoke_results"
}