{
  "metadata": {
    "actions": {
      "0": "hold",
      "1": "cwnd+1",
      "2": "cwnd/2"
    },
    "rtt_trend_threshold_ratio": 0.04,
    "state_count": 6,
    "state_features": [
      "rtt_trend",
      "loss_flag"
    ]
  },
  "rtt_down|loss": {
    "0": 0.3209125656545343,
    "1": -0.9349179828283308,
    "2": 16.077789082288056
  },
  "rtt_down|no_loss": {
    "0": 3.9901966535948166,
    "1": 37.74526727353725,
    "2": 0.9527532879867021
  },
  "rtt_stable|loss": {
    "0": 0.38925347995677667,
    "1": -0.8589286419662975,
    "2": 17.1209883259948
  },
  "rtt_stable|no_loss": {
    "0": 1.6516308923121925,
    "1": 36.382448844952044,
    "2": 1.3033375269725456
  },
  "rtt_up|loss": {
    "0": 0.4759585325350224,
    "1": 0.3721617811045137,
    "2": 26.944690858897992
  },
  "rtt_up|no_loss": {
    "0": 41.31665075102456,
    "1": 4.577404589042675,
    "2": 5.247382295301777
  }
}