{
  "metadata": {
    "actions": {
      "0": "hold",
      "1": "cwnd+1",
      "2": "cwnd/2"
    },
    "rtt_trend_threshold_ratio": 0.1,
    "state_count": 6,
    "state_features": [
      "rtt_trend",
      "loss_flag"
    ]
  },
  "rtt_down|loss": {
    "0": -0.23894776183218444,
    "1": -1.0,
    "2": -0.0029261027766346644
  },
  "rtt_down|no_loss": {
    "0": 0.3899965778942374,
    "1": 2.655911282197226,
    "2": -0.6933219486770638
  },
  "rtt_stable|loss": {
    "0": -2.8059340198733107,
    "1": -4.357691992148095,
    "2": -3.9671689825262155
  },
  "rtt_stable|no_loss": {
    "0": -1.5008281873250209,
    "1": -1.4972185082943483,
    "2": 1.9615120254435812
  },
  "rtt_up|loss": {
    "0": -0.010866472639353834,
    "1": -0.9383599279285445,
    "2": 0.7221125327448824
  },
  "rtt_up|no_loss": {
    "0": -0.36404117799574276,
    "1": -0.8872326093618763,
    "2": 0.20887711589069058
  }
}