{
  "metadata": {
    "actions": {
      "0": "hold",
      "1": "cwnd+1",
      "2": "cwnd/2"
    },
    "rtt_trend_threshold_ratio": 0.15,
    "state_count": 6,
    "state_features": [
      "rtt_trend",
      "loss_flag"
    ]
  },
  "rtt_down|loss": {
    "0": 0.0,
    "1": -1.0,
    "2": 1.7585865788162311
  },
  "rtt_down|no_loss": {
    "0": 0.534536288442582,
    "1": 3.328517401810182,
    "2": -0.39806597859646703
  },
  "rtt_stable|loss": {
    "0": -0.002179725659418952,
    "1": -0.8653794750458698,
    "2": 0.5351336901571527
  },
  "rtt_stable|no_loss": {
    "0": 1.060961956763508,
    "1": 6.237349682412809,
    "2": 0.717335440579862
  },
  "rtt_up|loss": {
    "0": 0.0,
    "1": -1.0,
    "2": 1.6904728276345211
  },
  "rtt_up|no_loss": {
    "0": 3.854211205497931,
    "1": 0.42073449309742084,
    "2": 0.1337810526107688
  }
}