{
  "metadata": {
    "actions": {
      "0": "hold",
      "1": "cwnd+1",
      "2": "cwnd/2"
    },
    "state_count": 6,
    "state_features": [
      "rtt_trend",
      "loss_flag"
    ]
  },
  "rtt_down|loss": {
    "0": 3.764826633199416,
    "1": 1.1105721089251646,
    "2": 20.311230335107084
  },
  "rtt_down|no_loss": {
    "0": 13.941396497191686,
    "1": 26.215686006045807,
    "2": 13.662140041122276
  },
  "rtt_stable|loss": {
    "0": 7.070706719060865,
    "1": 4.874632483719641,
    "2": 10.273442332887878
  },
  "rtt_stable|no_loss": {
    "0": 7.785889177392371,
    "1": 23.07374579669248,
    "2": 6.353844833002704
  },
  "rtt_up|loss": {
    "0": 4.124190904803502,
    "1": 2.228255638780433,
    "2": 17.321465239742814
  },
  "rtt_up|no_loss": {
    "0": 26.255963590461235,
    "1": 12.979031032992099,
    "2": 18.65810730569763
  }
}