{
  "metadata": {
    "actions": {
      "0": "hold",
      "1": "cwnd+1",
      "2": "cwnd/2"
    },
    "rtt_trend_threshold_ratio": 0.05,
    "state_count": 6,
    "state_features": [
      "rtt_trend",
      "loss_flag"
    ]
  },
  "rtt_down|loss": {
    "0": 0.19744281954114856,
    "1": -0.9349179828283308,
    "2": 8.96185449535451
  },
  "rtt_down|no_loss": {
    "0": 2.297771369745679,
    "1": 27.226185635439222,
    "2": 0.16319043183136692
  },
  "rtt_stable|loss": {
    "0": 0.23775592727190986,
    "1": -0.7411551730982423,
    "2": 8.797110460894352
  },
  "rtt_stable|no_loss": {
    "0": 1.1544705014158916,
    "1": 27.95044273481708,
    "2": 0.9080916464882907
  },
  "rtt_up|loss": {
    "0": 0.22540165230497822,
    "1": -0.36913894752454746,
    "2": 17.713320340400465
  },
  "rtt_up|no_loss": {
    "0": 32.43916855739422,
    "1": 3.031830912971063,
    "2": 3.798016480548929
  }
}