{
  "metadata": {
    "actions": {
      "0": "hold",
      "1": "cwnd+1",
      "2": "cwnd/2"
    },
    "rtt_trend_threshold_ratio": 0.1,
    "state_count": 6,
    "state_features": [
      "rtt_trend",
      "loss_flag"
    ]
  },
  "rtt_down|loss": {
    "0": 0.04683690206840338,
    "1": -1.0,
    "2": 1.574867504340553
  },
  "rtt_down|no_loss": {
    "0": 0.377002219990755,
    "1": 2.611889832313669,
    "2": -0.7438932733092805
  },
  "rtt_stable|loss": {
    "0": -0.5780025823646264,
    "1": -1.0,
    "2": 0.16482557492666622
  },
  "rtt_stable|no_loss": {
    "0": 0.14248810356400704,
    "1": 1.146683362797118,
    "2": -0.6244201558234023
  },
  "rtt_up|loss": {
    "0": -0.010866472639353834,
    "1": -0.9383599279285445,
    "2": 1.629890044812356
  },
  "rtt_up|no_loss": {
    "0": 1.8860205942752228,
    "1": 0.40578487457511886,
    "2": 0.3847911733362731
  }
}