{
  "metadata": {
    "actions": {
      "0": "hold",
      "1": "cwnd+1",
      "2": "cwnd/2"
    },
    "rtt_trend_threshold_ratio": 0.15,
    "state_count": 6,
    "state_features": [
      "rtt_trend",
      "loss_flag"
    ]
  },
  "rtt_down|loss": {
    "0": -8.82144686476802,
    "1": -9.79130678996053,
    "2": -6.811980161956589
  },
  "rtt_down|no_loss": {
    "0": 2.2773937805656046,
    "1": 15.498708178094729,
    "2": 0.5617677763197718
  },
  "rtt_stable|loss": {
    "0": -10.65007803558904,
    "1": -9.557345028386855,
    "2": -5.172319816268127
  },
  "rtt_stable|no_loss": {
    "0": 0.3265937888322771,
    "1": 10.867371005249552,
    "2": 1.0102749513223623
  },
  "rtt_up|loss": {
    "0": -3.124473678711774,
    "1": -3.8370315144092597,
    "2": 5.934849035172312
  },
  "rtt_up|no_loss": {
    "0": 3.572149004959008,
    "1": 2.148297297102921,
    "2": 14.559486597726673
  }
}