{
  "metadata": {
    "actions": {
      "0": "hold",
      "1": "cwnd+1",
      "2": "cwnd/2"
    },
    "rtt_trend_threshold_ratio": 0.15,
    "state_count": 6,
    "state_features": [
      "rtt_trend",
      "loss_flag"
    ]
  },
  "rtt_down|loss": {
    "0": -8.82144686476802,
    "1": -9.79130678996053,
    "2": -7.73512260468143
  },
  "rtt_down|no_loss": {
    "0": 1.813957611155995,
    "1": 10.23439524622031,
    "2": 0.36296079705089185
  },
  "rtt_stable|loss": {
    "0": -10.90044374495196,
    "1": -9.733712462972068,
    "2": -8.39509120509877
  },
  "rtt_stable|no_loss": {
    "0": 0.028993531034066454,
    "1": 6.6316205918438085,
    "2": 0.9181457006160846
  },
  "rtt_up|loss": {
    "0": -3.149499462318115,
    "1": -3.952094895380899,
    "2": 0.5266528228873701
  },
  "rtt_up|no_loss": {
    "0": 3.1754255276511234,
    "1": 1.8659552228683605,
    "2": 8.893866743709264
  }
}