{
  "metadata": {
    "rtt_trend_threshold_ratio": 0.15,
    "actions": {
      "0": "hold",
      "1": "cwnd+1",
      "2": "cwnd/2"
    },
    "state_count": 6,
    "state_features": [
      "rtt_trend",
      "loss_flag"
    ]
  },
  "rtt_down|loss": {
    "0": -8.82144686476802,
    "1": -9.79130678996053,
    "2": -7.920343382463244
  },
  "rtt_down|no_loss": {
    "0": 1.812935386923597,
    "1": 9.948666902802751,
    "2": 0.34716621169349665
  },
  "rtt_stable|loss": {
    "0": -10.90044374495196,
    "1": -9.733712462972068,
    "2": -8.773521166292964
  },
  "rtt_stable|no_loss": {
    "0": 0.0033137564747870996,
    "1": 6.9701317898880655,
    "2": 0.8929035422076255
  },
  "rtt_up|loss": {
    "0": -3.1685151970332015,
    "1": -3.952094895380899,
    "2": 0.28119373027734806
  },
  "rtt_up|no_loss": {
    "0": 3.2289940163120927,
    "1": 1.8236916334910191,
    "2": 8.921351677307364
  }
}
