{
  "metadata": {
    "actions": {
      "0": "hold",
      "1": "cwnd+1",
      "2": "cwnd/2"
    },
    "rtt_trend_threshold_ratio": 0.05,
    "state_count": 6,
    "state_features": [
      "rtt_trend",
      "loss_flag"
    ]
  },
  "rtt_down|loss": {
    "0": 0.19744281954114856,
    "1": -0.834828722809818,
    "2": 13.048409314804918
  },
  "rtt_down|no_loss": {
    "0": 2.7102641034544557,
    "1": 34.26961092905735,
    "2": 0.5891417744904082
  },
  "rtt_stable|loss": {
    "0": 0.11469461413570498,
    "1": -0.5438658363762928,
    "2": 13.291349753508433
  },
  "rtt_stable|no_loss": {
    "0": 0.9751657320052715,
    "1": 33.14062663889113,
    "2": 1.2284731895938317
  },
  "rtt_up|loss": {
    "0": 0.38351408274640275,
    "1": -0.13219080579244497,
    "2": 22.555118259337586
  },
  "rtt_up|no_loss": {
    "0": 36.99940769763487,
    "1": 4.00344504595968,
    "2": 4.563691531524449
  }
}