{
  "metadata": {
    "actions": {
      "0": "hold",
      "1": "cwnd+1",
      "2": "cwnd/2"
    },
    "rtt_trend_threshold_ratio": 0.15,
    "state_count": 6,
    "state_features": [
      "rtt_trend",
      "loss_flag"
    ]
  },
  "rtt_down|loss": {
    "0": -8.82144686476802,
    "1": -9.79130678996053,
    "2": -7.856713610167732
  },
  "rtt_down|no_loss": {
    "0": 1.8284110472040622,
    "1": 10.129535722973744,
    "2": 0.36296079705089185
  },
  "rtt_stable|loss": {
    "0": -10.90044374495196,
    "1": -9.733712462972068,
    "2": -8.60544142981946
  },
  "rtt_stable|no_loss": {
    "0": 0.0033137564747870996,
    "1": 7.029106563505907,
    "2": 0.8929035422076255
  },
  "rtt_up|loss": {
    "0": -3.149499462318115,
    "1": -3.952094895380899,
    "2": 0.3767584364624706
  },
  "rtt_up|no_loss": {
    "0": 3.2289940163120927,
    "1": 1.8393401936485076,
    "2": 8.699750856093543
  }
}