{
  "metadata": {
    "actions": {
      "0": "hold",
      "1": "cwnd+1",
      "2": "cwnd/2"
    },
    "state_count": 6,
    "state_features": [
      "rtt_trend",
      "loss_flag"
    ]
  },
  "rtt_down|loss": {
    "0": 16.767518408392696,
    "1": 1.2686447268254253,
    "2": 0.9231512074633343
  },
  "rtt_down|no_loss": {
    "0": 14.479958047088697,
    "1": 45.3807546513096,
    "2": 14.454489345235698
  },
  "rtt_stable|loss": {
    "0": 7.5267440403488965,
    "1": 5.2703109313090035,
    "2": 35.81303481034411
  },
  "rtt_stable|no_loss": {
    "0": 9.98380045551335,
    "1": 46.5473247746774,
    "2": 8.172743901553272
  },
  "rtt_up|loss": {
    "0": 5.013108728482452,
    "1": 2.7042055092627884,
    "2": 38.168309729459395
  },
  "rtt_up|no_loss": {
    "0": 50.57323788888767,
    "1": 17.0720443128925,
    "2": 21.532173160159708
  }
}