{
  "metadata": {
    "actions": {
      "0": "hold",
      "1": "cwnd+1",
      "2": "cwnd/2"
    },
    "rtt_trend_threshold_ratio": 0.12,
    "state_count": 6,
    "state_features": [
      "rtt_trend",
      "loss_flag"
    ]
  },
  "rtt_down|loss": {
    "0": 0.0,
    "1": -1.0,
    "2": 1.515821291694967
  },
  "rtt_down|no_loss": {
    "0": 0.2,
    "1": 1.7791691096415192,
    "2": -0.7750495870109341
  },
  "rtt_stable|loss": {
    "0": 0.014568895225956094,
    "1": -0.9545452564933136,
    "2": 1.8329005363198798
  },
  "rtt_stable|no_loss": {
    "0": 4.06835323610242,
    "1": 0.9016434146948273,
    "2": -0.26612490835510927
  },
  "rtt_up|loss": {
    "0": 0.0,
    "1": -0.9763420093330322,
    "2": 1.5109502444671203
  },
  "rtt_up|no_loss": {
    "0": 0.6198167429434175,
    "1": -0.2,
    "2": 1.574611168293864
  }
}