{
  "metadata": {
    "actions": {
      "0": "hold",
      "1": "cwnd+1",
      "2": "cwnd/2"
    },
    "state_count": 6,
    "state_features": [
      "rtt_trend",
      "loss_flag"
    ]
  },
  "rtt_down|loss": {
    "0": 3.5736760932016183,
    "1": 1.1105721089251646,
    "2": 0.5852676441878533
  },
  "rtt_down|no_loss": {
    "0": 13.231247078133064,
    "1": 16.262779965978908,
    "2": 13.223861642410526
  },
  "rtt_stable|loss": {
    "0": 7.076370596214159,
    "1": 4.7231298920799905,
    "2": 12.425776621825008
  },
  "rtt_stable|no_loss": {
    "0": 5.9647647062273,
    "1": 14.801718547893575,
    "2": 5.220982876637608
  },
  "rtt_up|loss": {
    "0": 3.8949891298441304,
    "1": 1.9362130033201999,
    "2": 14.286874937608422
  },
  "rtt_up|no_loss": {
    "0": 15.166200333995016,
    "1": 11.348666801238316,
    "2": 16.852245400735146
  }
}