{
  "metadata": {
    "actions": {
      "0": "hold",
      "1": "cwnd+1",
      "2": "cwnd/2"
    },
    "state_count": 6,
    "state_features": [
      "rtt_trend",
      "loss_flag"
    ]
  },
  "rtt_down|loss": {
    "0": 0.0,
    "1": -0.9527631151675878,
    "2": 2.6517389531176088
  },
  "rtt_down|no_loss": {
    "0": 0.651565905638368,
    "1": 8.67535044532922,
    "2": -0.5473514601897862
  },
  "rtt_stable|loss": {
    "0": 0.13015187497156802,
    "1": -0.833349736574068,
    "2": 4.883998679896704
  },
  "rtt_stable|no_loss": {
    "0": 0.6088378967049587,
    "1": 9.942494443461124,
    "2": 0.22507889086663763
  },
  "rtt_up|loss": {
    "0": -0.18138013515058993,
    "1": -0.8759606486871876,
    "2": 4.215851502256161
  },
  "rtt_up|no_loss": {
    "0": 13.424894404339675,
    "1": 1.2236156381574121,
    "2": 0.9663145089111038
  }
}