{
  "metadata": {
    "actions": {
      "0": "hold",
      "1": "cwnd+1",
      "2": "cwnd/2"
    },
    "rtt_trend_threshold_ratio": 0.12,
    "state_count": 6,
    "state_features": [
      "rtt_trend",
      "loss_flag"
    ]
  },
  "rtt_down|loss": {
    "0": -1.0,
    "1": -5.698442281224666,
    "2": 3.4804065698895164
  },
  "rtt_down|no_loss": {
    "0": 0.6923341040571482,
    "1": 11.812434127475015,
    "2": -1.172762191716917
  },
  "rtt_stable|loss": {
    "0": -1.0656406851814464,
    "1": -5.470553829996289,
    "2": 4.868320969498474
  },
  "rtt_stable|no_loss": {
    "0": 1.084691175272841,
    "1": 15.623076150969714,
    "2": 0.05370244117692524
  },
  "rtt_up|loss": {
    "0": -0.7732844286328723,
    "1": -5.604789948633762,
    "2": 5.6742566993738635
  },
  "rtt_up|no_loss": {
    "0": 14.986155356613436,
    "1": 1.2326228890730457,
    "2": -1.5078094660557935
  }
}