{
  "metadata": {
    "actions": {
      "0": "hold",
      "1": "cwnd+1",
      "2": "cwnd/2"
    },
    "rtt_trend_threshold_ratio": 0.12,
    "state_count": 6,
    "state_features": [
      "rtt_trend",
      "loss_flag"
    ]
  },
  "rtt_down|loss": {
    "0": -1.0,
    "1": -6.0,
    "2": 3.908215298204478
  },
  "rtt_down|no_loss": {
    "0": 0.7658678630839753,
    "1": 11.725062402407875,
    "2": -1.1340075746010156
  },
  "rtt_stable|loss": {
    "0": -0.8778292560970253,
    "1": -6.0,
    "2": 5.208842833054345
  },
  "rtt_stable|no_loss": {
    "0": 1.8634074857101308,
    "1": 14.73442569918567,
    "2": -0.6140744256473291
  },
  "rtt_up|loss": {
    "0": -0.9068911963978721,
    "1": -5.641051052973081,
    "2": 5.602028191407934
  },
  "rtt_up|no_loss": {
    "0": 14.230593576778272,
    "1": 1.5714556711217629,
    "2": -0.9818426776289755
  }
}