{
  "metadata": {
    "actions": {
      "0": "hold",
      "1": "cwnd+1",
      "2": "cwnd/2"
    },
    "state_count": 6,
    "state_features": [
      "rtt_trend",
      "loss_flag"
    ]
  },
  "rtt_down|loss": {
    "0": -13.996737537162595,
    "1": -9.394692844133576,
    "2": 12.280747291456699
  },
  "rtt_down|no_loss": {
    "0": 10.78839690814708,
    "1": 10.011732122411951,
    "2": 15.465503559150903
  },
  "rtt_stable|loss": {
    "0": -4.578126294882193,
    "1": -11.34674686867254,
    "2": 14.392648904569299
  },
  "rtt_stable|no_loss": {
    "0": 6.126040499713788,
    "1": 15.668118615498067,
    "2": 5.556567767704174
  },
  "rtt_up|loss": {
    "0": -4.919821497356988,
    "1": 13.015863293778471,
    "2": -3.342896008831716
  },
  "rtt_up|no_loss": {
    "0": 18.207133310134157,
    "1": 12.33101175713613,
    "2": 13.322411774198121
  }
}