{
  "metadata": {
    "actions": {
      "0": "hold",
      "1": "cwnd+1",
      "2": "cwnd/2"
    },
    "state_count": 6,
    "state_features": [
      "rtt_trend",
      "loss_flag"
    ]
  },
  "rtt_down|loss": {
    "0": 0.0,
    "1": -1.0,
    "2": 17.569261643011146
  },
  "rtt_down|no_loss": {
    "0": 13.05000243126622,
    "1": 19.116415449015744,
    "2": 10.492709081158212
  },
  "rtt_stable|loss": {
    "0": -0.16947560452364652,
    "1": 3.8136690321978364,
    "2": 9.601819998491623
  },
  "rtt_stable|no_loss": {
    "0": 5.670955519502737,
    "1": 3.4984319642910062,
    "2": 5.55097063110642
  },
  "rtt_up|loss": {
    "0": 0.0,
    "1": 4.558846429789311,
    "2": 11.32865936849372
  },
  "rtt_up|no_loss": {
    "0": 20.55932151501396,
    "1": 8.060635254235658,
    "2": 7.566193306937463
  }
}