{
  "metadata": {
    "actions": {
      "0": "hold",
      "1": "cwnd+1",
      "2": "cwnd/2"
    },
    "rtt_trend_threshold_ratio": 0.05,
    "state_count": 6,
    "state_features": [
      "rtt_trend",
      "loss_flag"
    ]
  },
  "rtt_down|loss": {
    "0": 0.01837443640469114,
    "1": -0.9349179828283308,
    "2": 0.6089223427524938
  },
  "rtt_down|no_loss": {
    "0": 1.1067957275108464,
    "1": 11.901294163323067,
    "2": -0.21819817079492093
  },
  "rtt_stable|loss": {
    "0": 0.04241059093717431,
    "1": -0.7018979105015577,
    "2": 3.0719330052754974
  },
  "rtt_stable|no_loss": {
    "0": 0.971715243563141,
    "1": 10.30842077392218,
    "2": 0.5854766387905818
  },
  "rtt_up|loss": {
    "0": -0.03992451527241362,
    "1": -0.7764692587763505,
    "2": 6.840871557959546
  },
  "rtt_up|no_loss": {
    "0": 11.20732735586654,
    "1": 1.3347754920012824,
    "2": 2.8678877237113607
  }
}