{
  "metadata": {
    "actions": {
      "0": "hold",
      "1": "cwnd+1",
      "2": "cwnd/2"
    },
    "rtt_trend_threshold_ratio": 0.12,
    "state_count": 6,
    "state_features": [
      "rtt_trend",
      "loss_flag"
    ]
  },
  "rtt_down|loss": {
    "0": 13.25359507333988,
    "1": 12.924975180838608,
    "2": 107.4129660210456
  },
  "rtt_down|no_loss": {
    "0": 63.87802676236805,
    "1": 120.69575932546064,
    "2": 39.171036217972386
  },
  "rtt_stable|loss": {
    "0": 31.1793951844831,
    "1": 29.028569099639515,
    "2": 111.24029707200916
  },
  "rtt_stable|no_loss": {
    "0": 81.73310096970069,
    "1": 120.96773968686026,
    "2": 58.05930831738081
  },
  "rtt_up|loss": {
    "0": 25.519514511644484,
    "1": 2.255702438879817,
    "2": 117.86602718266181
  },
  "rtt_up|no_loss": {
    "0": 123.51907623938646,
    "1": 85.58676599314207,
    "2": 69.52680489064767
  }
}