{
  "metadata": {
    "actions": {
      "0": "hold",
      "1": "cwnd+1",
      "2": "cwnd/2"
    },
    "state_count": 6,
    "state_features": [
      "rtt_trend",
      "loss_flag"
    ]
  },
  "rtt_down|loss": {
    "0": 26.115750702858623,
    "1": 1.2686447268254253,
    "2": 1.2462995854574954
  },
  "rtt_down|no_loss": {
    "0": 16.47768182169891,
    "1": 56.83325972914141,
    "2": 16.83802090097217
  },
  "rtt_stable|loss": {
    "0": 8.443391244653077,
    "1": 5.648915087480134,
    "2": 49.239129346160865
  },
  "rtt_stable|no_loss": {
    "0": 13.740832221194362,
    "1": 56.94639119479848,
    "2": 10.825151761492034
  },
  "rtt_up|loss": {
    "0": 5.820447384180411,
    "1": 3.5621970180684315,
    "2": 50.23337894329806
  },
  "rtt_up|no_loss": {
    "0": 60.37557574880784,
    "1": 21.57473058756366,
    "2": 26.58534371894496
  }
}