{
  "metadata": {
    "actions": {
      "0": "hold",
      "1": "cwnd+1",
      "2": "cwnd/2"
    },
    "rtt_trend_threshold_ratio": 0.12,
    "state_count": 6,
    "state_features": [
      "rtt_trend",
      "loss_flag"
    ]
  },
  "rtt_down|loss": {
    "0": 0.19744281954114856,
    "1": -0.5419740146054394,
    "2": 9.292582500269
  },
  "rtt_down|no_loss": {
    "0": 2.3723086683395267,
    "1": 29.446386978886462,
    "2": 0.30096258979656587
  },
  "rtt_stable|loss": {
    "0": 0.4916903849476376,
    "1": -0.3946552097616619,
    "2": 9.856819806981779
  },
  "rtt_stable|no_loss": {
    "0": 2.428435313342731,
    "1": 32.24940925807392,
    "2": 1.7495550273579905
  },
  "rtt_up|loss": {
    "0": 0.35473259259393786,
    "1": -0.36913894752454746,
    "2": 19.66531804625938
  },
  "rtt_up|no_loss": {
    "0": 34.8522645460799,
    "1": 3.633523645268858,
    "2": 4.337015684530011
  }
}